{
	"playerTemplate":
	{
		"zoneTags" : ["ships", "queue"],
		"attributeNames" : ["Money", "Gems", "Energy"],
		"actions" : [{"templateName": "upgrade"}]
	},
	"players":
	[
		{"name": "P1",
			"zones": ["P1 Ships", "Ship Queue"],
			"attributes": [10, 1, 2],
			"isAI": false
		},
		{"name": "P2",
			"zones": ["P2 Ships", "Ship Queue"],
			"attributes": [10, 1, 2],
			"isAI": true
		}
	],
	"playerGUI":
	[
		{"name": "P1", "xPct": 0.7, "yPct": 0.9},
		{"name": "P2", "xPct": 0.7, "yPct": 0.1}
	],
	"zones":
	[
		{"name": "Ship Deck",
			"attributes": {},
			"cards": [],
			"type": "deck",
			"visibleTo": []},
		{"name": "Ship Queue",
			"attributes": {},
			"cards": [],
			"type": "showEachCard",
			"visibleTo": ["P1", "P2"]},
		{"name": "Scrap Pile",
			"attributes": {},
			"cards": [],
			"type": "deck",
			"visibleTo": ["P1", "P2"]},
		{"name": "P2 Ships",
			"attributes": {"Barrier": 0},
			"cards": [],
			"type": "showEachCard",
			"visibleTo": ["P1", "P2"]},
		{"name": "P1 Ships",
			"attributes": {"Barrier": 0},
			"cards": [],
			"type": "showEachCard",
			"visibleTo": ["P1", "P2"]}
	],
	"zoneGUI":
	[
		{"name": "Ship Deck", "xPct": 0.1, "yPct": 0.1},
		{"name": "Ship Queue", "xPct": 0.3, "yPct": 0.5},
		{"name": "Scrap Pile", "xPct": 0.1, "yPct": 0.9},
		{"name": "P2 Ships", "xPct": 0.5, "yPct": 0.2},
		{"name": "P1 Ships", "xPct": 0.5, "yPct": 0.8}
	],
	"phases":
	[
		{"name": "buyPhase", "init": "buyPhaseInit", "endCondition": "buyPhaseEnd"},
		{"name": "shipPhase", "init": "shipPhaseInit", "endCondition": "shipPhaseEnd"}
	],
	"universes":
	[
		{"name": "ship"}
	],
	"cardTypes":
	[
		{"name": "Monkey",
			"attributes": {"Cost": 3, "HP": 4, "FullHP": 4, "Attack": 2},
			"actions": [{"templateName": "buy"}, {"templateName": "reject"}, {"templateName": "attack"}],
			"universe": "ship"},
		{"name": "Tiger",
			"attributes": {"Cost": 5, "HP": 7, "FullHP": 7, "Attack": 3},
			"actions": [{"templateName": "buy"}, {"templateName": "reject"}, {"templateName": "attack"}],
			"universe": "ship"},
		{"name": "Dragon",
			"attributes": {"Cost": 11, "HP": 9, "FullHP": 9, "Attack": 5},
			"actions": [{"templateName": "buy"}, {"templateName": "reject"}, {"templateName": "attack"}],
			"universe": "ship"},
		{"name": "Spreadshot",
			"attributes": {"Cost": 6, "HP": 6, "FullHP": 6, "Attack": 3},
			"actions": [{"templateName": "buy"}, {"templateName": "reject"}, {"templateName": "attack"}, {"templateName": "spreadshot"}],
			"universe": "ship"},
		{"name": "Forcefield",
			"attributes": {"Cost": 5, "HP": 10,"FullHP": 10, "Attack": 2},
			"actions": [{"templateName": "buy"}, {"templateName": "reject"}, {"templateName": "attack"}, {"templateName": "reinforce"}],
			"universe": "ship"},
		{"name": "Salvager",
			"attributes": {"Cost": 7, "HP": 8, "FullHP": 8, "Attack": 1},
			"actions": [{"templateName": "buy"}, {"templateName": "reject"}, {"templateName": "attack"}, {"templateName": "salvage"}],
			"universe": "ship"},
		{"name": "Railgun",
			"attributes": {"Cost": 5, "HP": 6, "FullHP": 6, "Attack": 3},
			"actions": [{"templateName": "buy"}, {"templateName": "reject"}, {"templateName": "attack"}, {"templateName": "railgun"}],
			"universe": "ship"},
		{"name": "Miner",
			"attributes": {"Cost": 4, "HP": 3, "FullHP": 3, "Attack": 1},
			"actions": [{"templateName": "buy"}, {"templateName": "reject"}, {"templateName": "attack"}, {"templateName": "mine"}],
			"universe": "ship"},
		{"name": "Sniper",
			"attributes": {"Cost": 6, "HP": 6, "FullHP": 6, "Attack": 3},
			"actions": [{"templateName": "buy"}, {"templateName": "reject"}, {"templateName": "attack"}, {"templateName": "snipe"}],
			"universe": "ship"},
		{"name": "Generator",
			"attributes": {"Cost": 5, "HP": 7, "FullHP": 7, "Attack": 2},
			"actions": [{"templateName": "buy"}, {"templateName": "reject"}, {"templateName": "attack"}, {"templateName": "generate"}],
			"universe": "ship"}
	],
	"actionTemplates":
	[
		{"name": "buy",
			"description": "Buy this ship.",
			"result": "buyResult",
			"checkLegality": "buyCheckLegality",
			"inputTypes": []
		},
		{"name": "reject",
			"description": "Reject this ship and gain 5 Money.",
			"result": "rejectResult",
			"checkLegality": "rejectCheckLegality",
			"inputTypes": []
		},
		{"name": "attack",
			"description": "Attack the leftmost enemy ship.",
			"result": "attackResult",
			"checkLegality": "attackCheckLegality",
			"inputTypes": []
		},
		{"name": "spreadshot",
			"description": "Deal 2 damage to each enemy.",
			"result": "spreadshotResult",
			"checkLegality": "spreadshotCheckLegality",
			"inputTypes": []
		},
		{"name": "reinforce",
			"description": "Gain 3 HP.",
			"result": "reinforceResult",
			"checkLegality": "reinforceCheckLegality",
			"inputTypes": []
		},
		{"name": "salvage",
			"description": "(-1 Gem -$5) Gain the most recently scrapped ship.",
			"result": "salvageResult",
			"checkLegality": "salvageCheckLegality",
			"inputTypes": []
		},
		{"name": "railgun",
			"description": "(-1 Gem) Attack for 6 Damage.",
			"result": "railgunResult",
			"checkLegality": "railgunCheckLegality",
			"inputTypes": []
		},
		{"name": "mine",
			"description": "Gain 1 Gem and $1.",
			"result": "mineResult",
			"checkLegality": "mineCheckLegality",
			"inputTypes": []
		},
		{"name": "snipe",
			"description": "(-$3) Deal 5 damage to a chosen enemy ship.",
			"result": "snipeResult",
			"checkLegality": "snipeCheckLegality",
			"inputTypes": ["card"]
		},
		{"name": "generate",
			"description": "(-1 Gem) Gain $8. Does not cost Energy.",
			"result": "generateResult",
			"checkLegality": "generateCheckLegality",
			"inputTypes": []
		},
		{"name": "upgrade",
			"description": "(-$8) Upgrade your barrier to reduce incoming attack damage.",
			"result": "upgradeResult",
			"checkLegality": "upgradeCheckLegality",
			"inputTypes": []}
	],
	"init":
	[
		{"zoneName": "Ship Deck", "cardNames": ["Monkey", "Tiger", "Dragon", "Spreadshot", "Forcefield", "Salvager", "Railgun", "Miner", "Sniper", "Generator", "Monkey", "Tiger", "Dragon", "Spreadshot", "Forcefield", "Salvager", "Railgun", "Miner", "Sniper", "Generator"]},
		{"zoneName": "P1 Ships", "cardNames": ["Monkey", "Tiger", "Miner"]},
		{"zoneName": "P2 Ships", "cardNames": ["Monkey", "Tiger", "Miner"]},
		{"zonesPerLine": 1}	],
	"functionFile": "spaceships.js",
	"gameName": "spaceships"
}