{
    "project": {},
    "files": {
        "Engine\\API.js": {
            "name": "Engine\\API.js",
            "modules": {},
            "classes": {
                "API": 1
            },
            "fors": {},
            "namespaces": {}
        },
        "Engine\\action.js": {
            "name": "Engine\\action.js",
            "modules": {},
            "classes": {
                "Action": 1
            },
            "fors": {},
            "namespaces": {}
        },
        "Engine\\card.js": {
            "name": "Engine\\card.js",
            "modules": {},
            "classes": {
                "Card": 1
            },
            "fors": {},
            "namespaces": {}
        },
        "Engine\\event.js": {
            "name": "Engine\\event.js",
            "modules": {},
            "classes": {
                "Event": 1
            },
            "fors": {},
            "namespaces": {}
        },
        "Engine\\gameDescription.js": {
            "name": "Engine\\gameDescription.js",
            "modules": {},
            "classes": {
                "GameDescription": 1
            },
            "fors": {},
            "namespaces": {}
        },
        "Engine\\gamestate.js": {
            "name": "Engine\\gamestate.js",
            "modules": {},
            "classes": {
                "Gamestate": 1
            },
            "fors": {},
            "namespaces": {}
        },
        "Engine\\helpers.js": {
            "name": "Engine\\helpers.js",
            "modules": {},
            "classes": {
                "Helpers": 1
            },
            "fors": {},
            "namespaces": {}
        },
        "Engine\\phase.js": {
            "name": "Engine\\phase.js",
            "modules": {},
            "classes": {
                "Phase": 1
            },
            "fors": {},
            "namespaces": {}
        },
        "Engine\\player.js": {
            "name": "Engine\\player.js",
            "modules": {},
            "classes": {
                "Player": 1
            },
            "fors": {},
            "namespaces": {}
        },
        "Engine\\zone.js": {
            "name": "Engine\\zone.js",
            "modules": {},
            "classes": {
                "Zone": 1
            },
            "fors": {},
            "namespaces": {}
        },
        "lib\\jquery.js": {
            "name": "lib\\jquery.js",
            "modules": {},
            "classes": {},
            "fors": {},
            "namespaces": {}
        }
    },
    "modules": {},
    "classes": {
        "API": {
            "name": "API",
            "shortname": "API",
            "classitems": [],
            "plugins": [],
            "extensions": [],
            "plugin_for": [],
            "extension_for": [],
            "file": "Engine\\API.js",
            "line": 2,
            "description": "A namespace for second order functions"
        },
        "Action": {
            "name": "Action",
            "shortname": "Action",
            "classitems": [],
            "plugins": [],
            "extensions": [],
            "plugin_for": [],
            "extension_for": [],
            "file": "Engine\\action.js",
            "line": 1,
            "description": "A logic based sequence of events",
            "is_constructor": 1,
            "params": [
                {
                    "name": "name",
                    "description": "- a unique identifier for the action",
                    "type": "String"
                },
                {
                    "name": "template",
                    "description": "- the template from which this event is created",
                    "type": "ActionTemplate"
                },
                {
                    "name": "cardID",
                    "description": "- an optional field containing the id of the card the action came from",
                    "type": "Number"
                },
                {
                    "name": "inputs",
                    "description": "- an array of types over which the action takes place",
                    "type": "Array"
                },
                {
                    "name": "checkLegality",
                    "description": "- the function returns whether or not the action is legal in a given game state",
                    "type": "Function"
                },
                {
                    "name": "result",
                    "description": "- the function produces a new game state having preformed the action",
                    "type": "Function"
                }
            ]
        },
        "Card": {
            "name": "Card",
            "shortname": "Card",
            "classitems": [],
            "plugins": [],
            "extensions": [],
            "plugin_for": [],
            "extension_for": [],
            "file": "Engine\\card.js",
            "line": 1,
            "description": "An instance of a card type",
            "is_constructor": 1,
            "params": [
                {
                    "name": "id",
                    "description": "- a unique ID for this card",
                    "type": "Int"
                },
                {
                    "name": "zone",
                    "description": "- the name of the zone that the card currently resides in",
                    "type": "Zone"
                },
                {
                    "name": "name",
                    "description": "- the name of the card type that this card is an instance of",
                    "type": "String"
                },
                {
                    "name": "attributes",
                    "description": "- an object containing all attributes for this card",
                    "type": "Object"
                },
                {
                    "name": "actions",
                    "description": "- an array of all actions the card has",
                    "type": "Array"
                }
            ]
        },
        "Event": {
            "name": "Event",
            "shortname": "Event",
            "classitems": [],
            "plugins": [],
            "extensions": [],
            "plugin_for": [],
            "extension_for": [],
            "file": "Engine\\event.js",
            "line": 1,
            "description": "A namespace for fundamental gamestate manipulations"
        },
        "GameDescription": {
            "name": "GameDescription",
            "shortname": "GameDescription",
            "classitems": [],
            "plugins": [],
            "extensions": [],
            "plugin_for": [],
            "extension_for": [],
            "file": "Engine\\gameDescription.js",
            "line": 1,
            "description": "Initial conditions for the game structure",
            "is_constructor": 1,
            "params": [
                {
                    "name": "zones",
                    "description": "- an array of zones defined in the designer's json file",
                    "type": "Array"
                },
                {
                    "name": "cardTypes",
                    "description": "- an array of card types defined in the designer's json file",
                    "type": "Array"
                },
                {
                    "name": "actionTemplates",
                    "description": "- an array of action templates defined in the designer's json file",
                    "type": "Array"
                },
                {
                    "name": "players",
                    "description": "- an array of players defined in the designer's json file",
                    "type": "Array"
                },
                {
                    "name": "init",
                    "description": "-",
                    "type": "Function"
                },
                {
                    "name": "winCondition",
                    "description": "- a designer defined function that returns when a game state is considered a termination state and who the victor is in that state",
                    "type": "Function"
                },
                {
                    "name": "functionFile",
                    "description": "- the name of the file containing all designer defined functions",
                    "type": "String"
                },
                {
                    "name": "setupFunction",
                    "description": "- a designer defined function that is run at the start of a game",
                    "type": "Function"
                },
                {
                    "name": "stateScore",
                    "description": "- a designer defined function run at the start of a game",
                    "type": "Function"
                },
                {
                    "name": "phases",
                    "description": "- an array of zones defined in the designer's json file",
                    "type": "Array"
                }
            ]
        },
        "Gamestate": {
            "name": "Gamestate",
            "shortname": "Gamestate",
            "classitems": [],
            "plugins": [],
            "extensions": [],
            "plugin_for": [],
            "extension_for": [],
            "file": "Engine\\gamestate.js",
            "line": 1,
            "description": "The state of the dynamic elements of the game",
            "is_constructor": 1,
            "params": [
                {
                    "name": "players",
                    "description": "- an array of all players in the game",
                    "type": "Array"
                },
                {
                    "name": "zones",
                    "description": "- an array of all zones in the game",
                    "type": "Array"
                },
                {
                    "name": "cards",
                    "description": "- an array of all cards in the game",
                    "type": "Array"
                },
                {
                    "name": "currentPhase",
                    "description": "- the current phase of the turn",
                    "type": "Phase"
                },
                {
                    "name": "turnPlayer",
                    "description": "- the player whose turn it is",
                    "type": "Player"
                }
            ]
        },
        "Helpers": {
            "name": "Helpers",
            "shortname": "Helpers",
            "classitems": [],
            "plugins": [],
            "extensions": [],
            "plugin_for": [],
            "extension_for": [],
            "file": "Engine\\helpers.js",
            "line": 1,
            "description": "Helper functions"
        },
        "Phase": {
            "name": "Phase",
            "shortname": "Phase",
            "classitems": [],
            "plugins": [],
            "extensions": [],
            "plugin_for": [],
            "extension_for": [],
            "file": "Engine\\phase.js",
            "line": 1,
            "description": "The pieces of a player's turn",
            "is_constructor": 1,
            "params": [
                {
                    "name": "name",
                    "description": "- the name of the phase - must be unique",
                    "type": "String"
                },
                {
                    "name": "init",
                    "description": "- a function executed at the beginning of the phase",
                    "type": "Function"
                },
                {
                    "name": "endCondition",
                    "description": "- a function that is checked after each action is taken in a given phase, if true is returned the phase has met its end condition and the endPhase event is called",
                    "type": "Function"
                }
            ]
        },
        "Player": {
            "name": "Player",
            "shortname": "Player",
            "classitems": [],
            "plugins": [],
            "extensions": [],
            "plugin_for": [],
            "extension_for": [],
            "file": "Engine\\player.js",
            "line": 1,
            "description": "A player who can take actions on the game",
            "is_constructor": 1,
            "params": [
                {
                    "name": "name",
                    "description": "- the name of the player",
                    "type": "String"
                },
                {
                    "name": "attributes",
                    "description": "- all designer defined attributes for the player",
                    "type": "Object"
                },
                {
                    "name": "zones",
                    "description": "- object of associated zones referencing tags given in playerTemplate",
                    "type": "Object"
                },
                {
                    "name": "isAI",
                    "description": "- an indicator for the AI to tell whether or not the AI should be taking moves or allowing the player to do so",
                    "type": "Boolean"
                },
                {
                    "name": "isAClone",
                    "description": "- a boolean used to determine if a player needs a new ID",
                    "type": "Boolean"
                }
            ]
        },
        "Zone": {
            "name": "Zone",
            "shortname": "Zone",
            "classitems": [],
            "plugins": [],
            "extensions": [],
            "plugin_for": [],
            "extension_for": [],
            "file": "Engine\\zone.js",
            "line": 1,
            "description": "A place that contains cards",
            "is_constructor": 1,
            "params": [
                {
                    "name": "name",
                    "description": "- the name of the zone, must be unique",
                    "type": "String"
                },
                {
                    "name": "attributes",
                    "description": "- all designer defined attributes for the zone",
                    "type": "Object"
                },
                {
                    "name": "type",
                    "description": "- determines how the cards in the zone are displayed",
                    "type": "String"
                },
                {
                    "name": "visibleTo",
                    "description": "- an array of all players the cards in the zone are visible to",
                    "type": "Array"
                }
            ]
        }
    },
    "classitems": [
        {
            "file": "Engine\\API.js",
            "line": 9,
            "description": "Returns the number of cards in a given zone",
            "itemtype": "method",
            "name": "API.CardCounting.inZone",
            "params": [
                {
                    "name": "zoneName",
                    "description": "- the name of the zone whose cards are being counted",
                    "type": "String"
                },
                {
                    "name": "gamestate",
                    "description": "- the gamestate in which this event is taking place",
                    "type": "GameState"
                }
            ],
            "class": "API"
        },
        {
            "file": "Engine\\API.js",
            "line": 20,
            "description": "Returns the number of cards of the named type in a given zone",
            "itemtype": "method",
            "name": "API.CardCounting.ofTypeInZone",
            "params": [
                {
                    "name": "zoneName",
                    "description": "- the name of the zone whose cards are being counted",
                    "type": "String"
                },
                {
                    "name": "cardType",
                    "description": "- the name of the card type being counted in a given zone",
                    "type": "String"
                },
                {
                    "name": "gamestate",
                    "description": "- the gamestate in which this event is taking place",
                    "type": "GameState"
                }
            ],
            "class": "API"
        },
        {
            "file": "Engine\\API.js",
            "line": 40,
            "description": "Returns the number of cards that meet requirement function's condition in a given zone",
            "itemtype": "method",
            "name": "API.CardCounting.ofTypeInZone",
            "params": [
                {
                    "name": "zoneName",
                    "description": "- the name of the zone whose cards are being counted",
                    "type": "String"
                },
                {
                    "name": "isValid",
                    "description": "- a function that takes a card and returns either true or false, if true is returned, the card is counted",
                    "type": "Function"
                },
                {
                    "name": "gamestate",
                    "description": "- the gamestate in which this event is taking place",
                    "type": "GameState"
                }
            ],
            "class": "API"
        },
        {
            "file": "Engine\\API.js",
            "line": 62,
            "description": "Returns the zone name the card is currently in",
            "itemtype": "method",
            "name": "API.CardLookup.cardInZone",
            "params": [
                {
                    "name": "cardID",
                    "description": "- the name of the card whose attribute's value is being checked",
                    "type": "Int"
                },
                {
                    "name": "gamestate",
                    "description": "- the gamestate in which this event is taking place",
                    "type": "GameState"
                }
            ],
            "class": "API"
        },
        {
            "file": "Engine\\API.js",
            "line": 73,
            "description": "Returns if the card is currently in the given zone",
            "itemtype": "method",
            "name": "API.CardLookup.isCardInZone",
            "params": [
                {
                    "name": "cardID",
                    "description": "- the name of the card whose attribute's value is being checked",
                    "type": "Int"
                },
                {
                    "name": "zoneName",
                    "description": "- the name of the zone to check if the card is in",
                    "type": "String"
                },
                {
                    "name": "gamestate",
                    "description": "- the gamestate in which this call is taking place",
                    "type": "GameState"
                }
            ],
            "class": "API"
        },
        {
            "file": "Engine\\API.js",
            "line": 85,
            "description": "Returns the cardID of the first card in a zone",
            "itemtype": "method",
            "name": "API.CardLookup.firstCardInZone",
            "params": [
                {
                    "name": "zoneName",
                    "description": "- the name of the zone to get the first card from",
                    "type": "String"
                },
                {
                    "name": "gamestate",
                    "description": "- the gamestate in which this call is taking place",
                    "type": "GameState"
                }
            ],
            "class": "API"
        },
        {
            "file": "Engine\\API.js",
            "line": 105,
            "description": "Returns the cardID of the last card in a zone",
            "itemtype": "method",
            "name": "API.CardLookup.firstCardInZone",
            "params": [
                {
                    "name": "zoneName",
                    "description": "- the name of the zone to get the last card from",
                    "type": "String"
                },
                {
                    "name": "gamestate",
                    "description": "- the gamestate in which this call is taking place",
                    "type": "GameState"
                }
            ],
            "class": "API"
        },
        {
            "file": "Engine\\API.js",
            "line": 125,
            "description": "Returns an array containing all the cardIDs of the cards in a zone",
            "itemtype": "method",
            "name": "API.CardLookup.allCardsInZone",
            "params": [
                {
                    "name": "zoneName",
                    "description": "- the name of the zone to get the cards from",
                    "type": "String"
                },
                {
                    "name": "gamestate",
                    "description": "- the gamestate in which this call is taking place",
                    "type": "GameState"
                }
            ],
            "class": "API"
        },
        {
            "file": "Engine\\API.js",
            "line": 150,
            "description": "Returns the name of a player's zone with the given tag",
            "itemtype": "method",
            "name": "API.ZoneLookup.getZoneByTag",
            "params": [
                {
                    "name": "playerName",
                    "description": "- the name of the player to get the associated tagged zone from",
                    "type": "String"
                },
                {
                    "name": "zoneTag",
                    "description": "- the name of the tag to look up",
                    "type": "String"
                },
                {
                    "name": "gamestate",
                    "description": "- the gamestate in which this call is taking place",
                    "type": "GameState"
                }
            ],
            "class": "API"
        },
        {
            "file": "Engine\\API.js",
            "line": 162,
            "description": "Returns the name of the opponent player's zone with the given tag",
            "itemtype": "method",
            "name": "API.ZoneLookup.getEnemyZoneByTag",
            "params": [
                {
                    "name": "playerName",
                    "description": "- the name of the player whose enemy to get the associated tagged zone from",
                    "type": "String"
                },
                {
                    "name": "zoneTag",
                    "description": "- the name of the tag to look up",
                    "type": "String"
                },
                {
                    "name": "gamestate",
                    "description": "- the gamestate in which this call is taking place",
                    "type": "GameState"
                }
            ],
            "class": "API"
        },
        {
            "file": "Engine\\API.js",
            "line": 177,
            "description": "Returns the given card's value for the given named attribute",
            "itemtype": "method",
            "name": "API.ValueLookup.Card.getAttribute",
            "params": [
                {
                    "name": "cardID",
                    "description": "- the id of the card whose attribute's value is being checked",
                    "type": "Int"
                },
                {
                    "name": "attributeName",
                    "description": "- the name of the attribute to get the value of",
                    "type": "String"
                },
                {
                    "name": "gamestate",
                    "description": "- the gamestate to get data from",
                    "type": "GameState"
                }
            ],
            "class": "API"
        },
        {
            "file": "Engine\\API.js",
            "line": 191,
            "description": "Returns the given zone's value for the given named attribute",
            "itemtype": "method",
            "name": "API.ValueLookup.Zone.getAttribute",
            "params": [
                {
                    "name": "zoneName",
                    "description": "- the name of the zone whose attribute's value is being checked",
                    "type": "String"
                },
                {
                    "name": "attributeName",
                    "description": "- the name of the attribute to get the value of",
                    "type": "String"
                },
                {
                    "name": "gamestate",
                    "description": "- the gamestate to get data from",
                    "type": "GameState"
                }
            ],
            "class": "API"
        },
        {
            "file": "Engine\\API.js",
            "line": 205,
            "description": "Returns the current player",
            "itemtype": "method",
            "name": "API.ValueLookup.Player.currentPlayer",
            "params": [
                {
                    "name": "gamestate",
                    "description": "- the gamestate to get data from",
                    "type": "GameState"
                }
            ],
            "class": "API"
        },
        {
            "file": "Engine\\API.js",
            "line": 214,
            "description": "Returns the enemy player",
            "itemtype": "method",
            "name": "API.ValueLookup.Player.enemyPlayer",
            "params": [
                {
                    "name": "gamestate",
                    "description": "- the gamestate to get data from",
                    "type": "GameState"
                }
            ],
            "class": "API"
        },
        {
            "file": "Engine\\API.js",
            "line": 223,
            "description": "Returns the given player's value for the given named attribute",
            "itemtype": "method",
            "name": "API.ValueLookup.Player.getAttribute",
            "params": [
                {
                    "name": "playerName",
                    "description": "- the name of the player whose attribute's value is being checked",
                    "type": "String"
                },
                {
                    "name": "attributeName",
                    "description": "- the name of the attribute to get the value of",
                    "type": "String"
                },
                {
                    "name": "gamestate",
                    "description": "- the gamestate to get data from",
                    "type": "GameState"
                }
            ],
            "class": "API"
        },
        {
            "file": "Engine\\API.js",
            "line": 239,
            "description": "Returns if the given card's named attribute's value is greater than the given value",
            "itemtype": "method",
            "name": "API.ValueComparison.Card.isAttributeGreaterThan",
            "params": [
                {
                    "name": "cardID",
                    "description": "- the name of the card whose attribute's value is being checked",
                    "type": "Int"
                },
                {
                    "name": "attributeName",
                    "description": "- the name of the attribute whose value is being checked",
                    "type": "String"
                },
                {
                    "name": "value",
                    "description": "- the value to compare the card's value to",
                    "type": "Number"
                },
                {
                    "name": "gamestate",
                    "description": "- the gamestate in which this event is taking place",
                    "type": "GameState"
                }
            ],
            "class": "API"
        },
        {
            "file": "Engine\\API.js",
            "line": 256,
            "description": "Returns if the given card's named attribute's value is less than the given value",
            "itemtype": "method",
            "name": "API.ValueComparison.Card.isAttributeLessThan",
            "params": [
                {
                    "name": "cardID",
                    "description": "- the name of the card whose attribute's value is being checked",
                    "type": "Int"
                },
                {
                    "name": "attributeName",
                    "description": "- the name of the attribute whose value is being checked",
                    "type": "String"
                },
                {
                    "name": "value",
                    "description": "- the value to compare the card's value to",
                    "type": "Number"
                },
                {
                    "name": "gamestate",
                    "description": "- the gamestate in which this event is taking place",
                    "type": "GameState"
                }
            ],
            "class": "API"
        },
        {
            "file": "Engine\\API.js",
            "line": 273,
            "description": "Returns if the given card's named attribute's value is equal to the given value",
            "itemtype": "method",
            "name": "API.ValueComparison.Card.isAttributeEqualTo",
            "params": [
                {
                    "name": "cardID",
                    "description": "- the name of the card whose attribute's value is being checked",
                    "type": "Int"
                },
                {
                    "name": "attributeName",
                    "description": "- the name of the attribute whose value is being checked",
                    "type": "String"
                },
                {
                    "name": "value",
                    "description": "- the value to compare the card's value to",
                    "type": "Number"
                },
                {
                    "name": "gamestate",
                    "description": "- the gamestate in which this event is taking place",
                    "type": "GameState"
                }
            ],
            "class": "API"
        },
        {
            "file": "Engine\\API.js",
            "line": 290,
            "description": "Returns if the given card's named attribute's value is less than or equal to the given value",
            "itemtype": "method",
            "name": "API.ValueComparison.Card.isAttributeLessThanOrEqualTo",
            "params": [
                {
                    "name": "cardID",
                    "description": "- the name of the card whose attribute's value is being checked",
                    "type": "Int"
                },
                {
                    "name": "attributeName",
                    "description": "- the name of the attribute whose value is being checked",
                    "type": "String"
                },
                {
                    "name": "value",
                    "description": "- the value to compare the card's value to",
                    "type": "Number"
                },
                {
                    "name": "gamestate",
                    "description": "- the gamestate in which this event is taking place",
                    "type": "GameState"
                }
            ],
            "class": "API"
        },
        {
            "file": "Engine\\API.js",
            "line": 307,
            "description": "Returns if the given card's named attribute's value is greater than or equal to the given value",
            "itemtype": "method",
            "name": "API.ValueComparison.Card.isAttributeGreaterThanOrEqualTo",
            "params": [
                {
                    "name": "cardID",
                    "description": "- the name of the card whose attribute's value is being checked",
                    "type": "Int"
                },
                {
                    "name": "attributeName",
                    "description": "- the name of the attribute whose value is being checked",
                    "type": "String"
                },
                {
                    "name": "value",
                    "description": "- the value to compare the card's value to",
                    "type": "Number"
                },
                {
                    "name": "gamestate",
                    "description": "- the gamestate in which this event is taking place",
                    "type": "GameState"
                }
            ],
            "class": "API"
        },
        {
            "file": "Engine\\API.js",
            "line": 326,
            "description": "Returns if the given player's named attribute's value is greater than the given value",
            "itemtype": "method",
            "name": "API.ValueComparison.Player.isAttributeGreaterThan",
            "params": [
                {
                    "name": "playerName",
                    "description": "- the name of the player whose attribute's value is being checked",
                    "type": "String"
                },
                {
                    "name": "attributeName",
                    "description": "- the name of the attribute whose value is being checked",
                    "type": "String"
                },
                {
                    "name": "value",
                    "description": "- the value to compare the player's value to",
                    "type": "Number"
                },
                {
                    "name": "gamestate",
                    "description": "- the gamestate in which this event is taking place",
                    "type": "GameState"
                }
            ],
            "class": "API"
        },
        {
            "file": "Engine\\API.js",
            "line": 343,
            "description": "Returns if the given player's named attribute's value is less than the given value",
            "itemtype": "method",
            "name": "API.ValueComparison.Player.isAttributeLessThan",
            "params": [
                {
                    "name": "playerName",
                    "description": "- the name of the player whose attribute's value is being checked",
                    "type": "String"
                },
                {
                    "name": "attributeName",
                    "description": "- the name of the attribute whose value is being checked",
                    "type": "String"
                },
                {
                    "name": "value",
                    "description": "- the value to compare the player's value to",
                    "type": "Number"
                },
                {
                    "name": "gamestate",
                    "description": "- the gamestate in which this event is taking place",
                    "type": "GameState"
                }
            ],
            "class": "API"
        },
        {
            "file": "Engine\\API.js",
            "line": 360,
            "description": "Returns if the given player's named attribute's value is equal to the given value",
            "itemtype": "method",
            "name": "API.ValueComparison.Player.isAttributeEqualTo",
            "params": [
                {
                    "name": "playerName",
                    "description": "- the name of the player whose attribute's value is being checked",
                    "type": "String"
                },
                {
                    "name": "attributeName",
                    "description": "- the name of the attribute whose value is being checked",
                    "type": "String"
                },
                {
                    "name": "value",
                    "description": "- the value to compare the player's value to",
                    "type": "Number"
                },
                {
                    "name": "gamestate",
                    "description": "- the gamestate in which this event is taking place",
                    "type": "GameState"
                }
            ],
            "class": "API"
        },
        {
            "file": "Engine\\API.js",
            "line": 377,
            "description": "Returns if the given player's named attribute's value is less than or equal to the given value",
            "itemtype": "method",
            "name": "API.ValueComparison.Player.isAttributeLessThanOrEqualTo",
            "params": [
                {
                    "name": "playerName",
                    "description": "- the name of the player whose attribute's value is being checked",
                    "type": "String"
                },
                {
                    "name": "attributeName",
                    "description": "- the name of the attribute whose value is being checked",
                    "type": "String"
                },
                {
                    "name": "value",
                    "description": "- the value to compare the player's value to",
                    "type": "Number"
                },
                {
                    "name": "gamestate",
                    "description": "- the gamestate in which this event is taking place",
                    "type": "GameState"
                }
            ],
            "class": "API"
        },
        {
            "file": "Engine\\API.js",
            "line": 394,
            "description": "Returns if the given player's named attribute's value is greater than or equal to the given value",
            "itemtype": "method",
            "name": "API.ValueComparison.Player.isAttributeGreaterThanOrEqualTo",
            "params": [
                {
                    "name": "playerName",
                    "description": "- the name of the player whose attribute's value is being checked",
                    "type": "String"
                },
                {
                    "name": "attributeName",
                    "description": "- the name of the attribute whose value is being checked",
                    "type": "String"
                },
                {
                    "name": "value",
                    "description": "- the value to compare the player's value to",
                    "type": "Number"
                },
                {
                    "name": "gamestate",
                    "description": "- the gamestate in which this event is taking place",
                    "type": "GameState"
                }
            ],
            "class": "API"
        },
        {
            "file": "Engine\\API.js",
            "line": 413,
            "description": "Returns if the given zone's named attribute's value is greater than the given value",
            "itemtype": "method",
            "name": "API.ValueComparison.Zone.isAttributeGreaterThan",
            "params": [
                {
                    "name": "zoneName",
                    "description": "- the name of the zone whose attribute's value is being checked",
                    "type": "String"
                },
                {
                    "name": "attributeName",
                    "description": "- the name of the attribute whose value is being checked",
                    "type": "String"
                },
                {
                    "name": "value",
                    "description": "- the value to compare the zone's value to",
                    "type": "Number"
                },
                {
                    "name": "gamestate",
                    "description": "- the gamestate in which this event is taking place",
                    "type": "GameState"
                }
            ],
            "class": "API"
        },
        {
            "file": "Engine\\API.js",
            "line": 430,
            "description": "Returns if the given zone's named attribute's value is less than the given value",
            "itemtype": "method",
            "name": "API.ValueComparison.Zone.isAttributeLessThan",
            "params": [
                {
                    "name": "zoneName",
                    "description": "- the name of the zone whose attribute's value is being checked",
                    "type": "String"
                },
                {
                    "name": "attributeName",
                    "description": "- the name of the attribute whose value is being checked",
                    "type": "String"
                },
                {
                    "name": "value",
                    "description": "- the value to compare the zone's value to",
                    "type": "Number"
                },
                {
                    "name": "gamestate",
                    "description": "- the gamestate in which this event is taking place",
                    "type": "GameState"
                }
            ],
            "class": "API"
        },
        {
            "file": "Engine\\API.js",
            "line": 447,
            "description": "Returns if the given zone's named attribute's value is equal to the given value",
            "itemtype": "method",
            "name": "API.ValueComparison.Zone.isAttributeEqualTo",
            "params": [
                {
                    "name": "zoneName",
                    "description": "- the name of the zone whose attribute's value is being checked",
                    "type": "String"
                },
                {
                    "name": "attributeName",
                    "description": "- the name of the attribute whose value is being checked",
                    "type": "String"
                },
                {
                    "name": "value",
                    "description": "- the value to compare the zone's value to",
                    "type": "Number"
                },
                {
                    "name": "gamestate",
                    "description": "- the gamestate in which this event is taking place",
                    "type": "GameState"
                }
            ],
            "class": "API"
        },
        {
            "file": "Engine\\API.js",
            "line": 464,
            "description": "Returns if the given zone's named attribute's value is less than or equal to the given value",
            "itemtype": "method",
            "name": "API.ValueComparison.Zone.isAttributeLessThanOrEqualTo",
            "params": [
                {
                    "name": "zoneName",
                    "description": "- the name of the zone whose attribute's value is being checked",
                    "type": "String"
                },
                {
                    "name": "attributeName",
                    "description": "- the name of the attribute whose value is being checked",
                    "type": "String"
                },
                {
                    "name": "value",
                    "description": "- the value to compare the zone's value to",
                    "type": "Number"
                },
                {
                    "name": "gamestate",
                    "description": "- the gamestate in which this event is taking place",
                    "type": "GameState"
                }
            ],
            "class": "API"
        },
        {
            "file": "Engine\\API.js",
            "line": 481,
            "description": "Returns if the given zone's named attribute's value is greater than or equal to the given value",
            "itemtype": "method",
            "name": "API.ValueComparison.Zone.isAttributeGreaterThanOrEqualTo",
            "params": [
                {
                    "name": "zoneName",
                    "description": "- the name of the zone whose attribute's value is being checked",
                    "type": "String"
                },
                {
                    "name": "attributeName",
                    "description": "- the name of the attribute whose value is being checked",
                    "type": "String"
                },
                {
                    "name": "value",
                    "description": "- the value to compare the zone's value to",
                    "type": "Number"
                },
                {
                    "name": "gamestate",
                    "description": "- the gamestate in which this event is taking place",
                    "type": "GameState"
                }
            ],
            "class": "API"
        },
        {
            "file": "Engine\\API.js",
            "line": 501,
            "description": "Rolls a die with the given number of sides and returns the outcome",
            "itemtype": "method",
            "name": "API.DieRolling.rollDie",
            "params": [
                {
                    "name": "numSides",
                    "description": "- the number of sides the virtual die has",
                    "type": "Int"
                }
            ],
            "class": "API"
        },
        {
            "file": "Engine\\API.js",
            "line": 510,
            "description": "Rolls a number of die equal to given number, each with the given number of sides, it returns an array of integer outcomes",
            "itemtype": "method",
            "name": "API.DieRolling.rollNDie",
            "params": [
                {
                    "name": "numSides",
                    "description": "- the number of sides the virtual die has",
                    "type": "Int"
                },
                {
                    "name": "toRoll",
                    "description": "- the number of die to roll",
                    "type": "Int"
                }
            ],
            "class": "API"
        },
        {
            "file": "Engine\\API.js",
            "line": 525,
            "description": "Rolls a number of die equal to given number, each with the given number of sides, it returns the sum of the die rolls",
            "itemtype": "method",
            "name": "API.DieRolling.rollNDieSum",
            "params": [
                {
                    "name": "numSides",
                    "description": "- the number of sides the virtual die has",
                    "type": "Int"
                },
                {
                    "name": "toRoll",
                    "description": "- the number of die to roll",
                    "type": "Int"
                }
            ],
            "class": "API"
        },
        {
            "file": "Engine\\API.js",
            "line": 540,
            "description": "Rolls a die with the given array's values as sides of the die, and returns the outcome",
            "itemtype": "method",
            "name": "API.DieRolling.rollSpecialDie",
            "params": [
                {
                    "name": "values",
                    "description": "- an array of objects (the sides of the die)",
                    "type": "Array of Object"
                }
            ],
            "class": "API"
        },
        {
            "file": "Engine\\API.js",
            "line": 549,
            "description": "Rolls a number of die equal to given number, each with the given array's values as sides of the die, and returns the outcome as an array",
            "itemtype": "method",
            "name": "API.DieRolling.rollNSpecialDie",
            "params": [
                {
                    "name": "values",
                    "description": "- an array of objects (the sides of the die)",
                    "type": "Array of Object"
                },
                {
                    "name": "toRoll",
                    "description": "- the number of die to roll",
                    "type": "Int"
                }
            ],
            "class": "API"
        },
        {
            "file": "Engine\\API.js",
            "line": 566,
            "description": "\"Cuts\" the named zone's cards and returns the revealed cards ID",
            "itemtype": "method",
            "name": "API.Manipulations.cut",
            "params": [
                {
                    "name": "zoneName",
                    "description": "- the zone whose deck is to be cut",
                    "type": "Zone"
                },
                {
                    "name": "gamestate",
                    "description": "- the game state in which this action is taking place",
                    "type": "GameState"
                }
            ],
            "class": "API"
        },
        {
            "file": "Engine\\API.js",
            "line": 605,
            "description": "Returns the name of the current phase",
            "itemtype": "method",
            "name": "API.Phase.getPhase",
            "params": [
                {
                    "name": "gamestate",
                    "description": "- the gamestate in which this event is taking place",
                    "type": "GameState"
                }
            ],
            "class": "API"
        },
        {
            "file": "Engine\\API.js",
            "line": 614,
            "description": "Returns if the current phase is the given phase",
            "itemtype": "method",
            "name": "API.Phase.checkPhase",
            "params": [
                {
                    "name": "phaseName",
                    "description": "- the name of the phase to check against",
                    "type": "GameState"
                },
                {
                    "name": "gamestate",
                    "description": "- the gamestate in which this event is taking place",
                    "type": "GameState"
                }
            ],
            "class": "API"
        },
        {
            "file": "Engine\\card.js",
            "line": 23,
            "description": "A function to determine whether a card is visible to a given player",
            "itemtype": "method",
            "name": "Card.prototype.isVisibleTo",
            "params": [
                {
                    "name": "playerName",
                    "description": "- the player who's ability to view the card is being questioned",
                    "type": "String"
                },
                {
                    "name": "gs",
                    "description": "- the gamestate over which the query is taking place",
                    "type": "GameState"
                }
            ],
            "return": {
                "description": "Returns true if the given player can view the card",
                "type": "Boolean"
            },
            "class": "Card"
        },
        {
            "file": "Engine\\card.js",
            "line": 35,
            "description": "A function that creates a new card that is a clone of this card",
            "itemtype": "method",
            "name": "Card.prototype.clone",
            "return": {
                "description": "Returns a new card that is a clone of this card",
                "type": "Card"
            },
            "class": "Card"
        },
        {
            "file": "Engine\\event.js",
            "line": 9,
            "description": "Moves the given card to the given zone",
            "itemtype": "method",
            "name": "Event.Move.Individual.toZone",
            "params": [
                {
                    "name": "cardID",
                    "description": "- the unique identification number of the card being moved",
                    "type": "Int"
                },
                {
                    "name": "zoneName",
                    "description": "- the name of the zone to which the card is being moved to",
                    "type": "String"
                },
                {
                    "name": "gamestate",
                    "description": "- the gamestate in which this event is taking place",
                    "type": "GameState"
                }
            ],
            "class": "Event"
        },
        {
            "file": "Engine\\event.js",
            "line": 41,
            "description": "Move all cards from the given zone to the other given zone",
            "itemtype": "method",
            "name": "Event.Move.Group.moveAll",
            "params": [
                {
                    "name": "fromZone",
                    "description": "- the name of the zone from which the card(s) are being moved from",
                    "type": "String"
                },
                {
                    "name": "toZone",
                    "description": "- the name of the zone to which the card(s) are being moved to",
                    "type": "String"
                },
                {
                    "name": "gamestate",
                    "description": "- the gamestate in which this event is taking place",
                    "type": "GameState"
                }
            ],
            "class": "Event"
        },
        {
            "file": "Engine\\event.js",
            "line": 57,
            "description": "Move all cards with the given card type name from the given zone to the other given zone",
            "itemtype": "method",
            "name": "Event.Move.Group.moveAllOfType",
            "params": [
                {
                    "name": "fromZone",
                    "description": "- the name of the zone from which the card(s) are being moved from",
                    "type": "String"
                },
                {
                    "name": "toZone",
                    "description": "- the name of the zone to which the card(s) are being moved to",
                    "type": "String"
                },
                {
                    "name": "cardType",
                    "description": "- the name of the card type to be moved",
                    "type": "String"
                },
                {
                    "name": "gamestate",
                    "description": "- the gamestate in which this event is taking place",
                    "type": "GameState"
                }
            ],
            "class": "Event"
        },
        {
            "file": "Engine\\event.js",
            "line": 89,
            "description": "Move all cards with the given attribute value from the given zone to the other given zone",
            "itemtype": "method",
            "name": "Event.Move.Group.moveAllWithAttributeValue",
            "params": [
                {
                    "name": "fromZone",
                    "description": "- the name of the zone from which the card(s) are being moved from",
                    "type": "String"
                },
                {
                    "name": "toZone",
                    "description": "- the name of the zone to which the card(s) are being moved to",
                    "type": "String"
                },
                {
                    "name": "attributeName",
                    "description": "- the name of the attribute whose value is being checked",
                    "type": "String"
                },
                {
                    "name": "attributeName",
                    "description": "- the value of the attribute to be checked against",
                    "type": "String"
                },
                {
                    "name": "gamestate",
                    "description": "- the gamestate in which this event is taking place",
                    "type": "GameState"
                }
            ],
            "class": "Event"
        },
        {
            "file": "Engine\\event.js",
            "line": 122,
            "description": "Move all cards that meet the requirement function's condition for movement from the given zone to the other given zone",
            "itemtype": "method",
            "name": "Event.Move.Group.moveAllValid",
            "params": [
                {
                    "name": "fromZone",
                    "description": "- the name of the zone from which the card(s) are being moved from",
                    "type": "String"
                },
                {
                    "name": "toZone",
                    "description": "- the name of the zone to which the card(s) are being moved to",
                    "type": "String"
                },
                {
                    "name": "isValid",
                    "description": "- a function that takes a card and returns either true or false, if true is returned, the card is moved",
                    "type": "Function"
                },
                {
                    "name": "gamestate",
                    "description": "- the gamestate in which this event is taking place",
                    "type": "GameState"
                }
            ],
            "class": "Event"
        },
        {
            "file": "Engine\\event.js",
            "line": 157,
            "description": "Moves the top card from one zone to another",
            "itemtype": "method",
            "name": "Event.Draw.drawCard",
            "params": [
                {
                    "name": "fromZone",
                    "description": "- the zone from which a card is being drawn",
                    "type": "String"
                },
                {
                    "name": "toZone",
                    "description": "- the zone from which a card is being drawn",
                    "type": "String"
                },
                {
                    "name": "gamestate",
                    "description": "- the gamestate in which this event is taking place",
                    "type": "GameState"
                }
            ],
            "class": "Event"
        },
        {
            "file": "Engine\\event.js",
            "line": 174,
            "description": "Moves the bottom card from one zone to another",
            "itemtype": "method",
            "name": "Event.Draw.drawBottomCard",
            "params": [
                {
                    "name": "fromZone",
                    "description": "- the zone from which a card is being drawn",
                    "type": "String"
                },
                {
                    "name": "toZone",
                    "description": "- the zone from which a card is being drawn",
                    "type": "String"
                },
                {
                    "name": "gamestate",
                    "description": "- the gamestate in which this event is taking place",
                    "type": "GameState"
                }
            ],
            "class": "Event"
        },
        {
            "file": "Engine\\event.js",
            "line": 189,
            "description": "Moves the top n cards from one zone to another",
            "itemtype": "method",
            "name": "Event.Draw.drawCards",
            "params": [
                {
                    "name": "fromZone",
                    "description": "- the zone from which a card is being drawn",
                    "type": "String"
                },
                {
                    "name": "toZone",
                    "description": "- the zone from which a card is being drawn",
                    "type": "String"
                },
                {
                    "name": "toDraw",
                    "description": "- the number of cards to be drawn",
                    "type": "Int"
                },
                {
                    "name": "gamestate",
                    "description": "- the gamestate in which this event is taking place",
                    "type": "GameState"
                }
            ],
            "class": "Event"
        },
        {
            "file": "Engine\\event.js",
            "line": 210,
            "description": "Shuffles the cards in the named zone",
            "itemtype": "method",
            "name": "Event.Shuffle.shuffle",
            "params": [
                {
                    "name": "zoneName",
                    "description": "- the name of the zone to be shuffled",
                    "type": "String"
                },
                {
                    "name": "gamestate",
                    "description": "- the gamestate in which this event is taking place",
                    "type": "GameState"
                }
            ],
            "class": "Event"
        },
        {
            "file": "Engine\\event.js",
            "line": 234,
            "description": "Deals the specified number of cards from the given zone to each specified zone",
            "itemtype": "method",
            "name": "Event.Deal.dealCards",
            "params": [
                {
                    "name": "fromZone",
                    "description": "- the zone from which cards are being dealt",
                    "type": "String"
                },
                {
                    "name": "toZoneNameArray",
                    "description": "- an array of zone names to which cards are being dealt",
                    "type": "Array of String"
                },
                {
                    "name": "numCards",
                    "description": "- the number of cards to be dealt to each player",
                    "type": "Int"
                },
                {
                    "name": "gamestate",
                    "description": "- the gamestate in which this event is taking place",
                    "type": "GameState"
                }
            ],
            "class": "Event"
        },
        {
            "file": "Engine\\event.js",
            "line": 256,
            "description": "Sets the named card's named attribute by the given value",
            "itemtype": "method",
            "name": "Event.Modify.Card.setAttribute",
            "params": [
                {
                    "name": "cardID",
                    "description": "- the name of the card whose attribute value is being changed",
                    "type": "Int"
                },
                {
                    "name": "attributeName",
                    "description": "- the name of the attribute to be changed",
                    "type": "String"
                },
                {
                    "name": "newValue",
                    "description": "- the new value being given to the object's attribute",
                    "type": "Object"
                },
                {
                    "name": "gamestate",
                    "description": "- the gamestate in which this event is taking place",
                    "type": "GameState"
                }
            ],
            "class": "Event"
        },
        {
            "file": "Engine\\event.js",
            "line": 269,
            "description": "Increases the named card's named attribute by the given value",
            "itemtype": "method",
            "name": "Event.Modify.Card.increaseAttributeBy",
            "params": [
                {
                    "name": "cardID",
                    "description": "- the name of the card whose attribute value is being changed",
                    "type": "Int"
                },
                {
                    "name": "attributeName",
                    "description": "- the name of the attribute to be changed",
                    "type": "String"
                },
                {
                    "name": "value",
                    "description": "- the value by which to increase the attribute",
                    "type": "Number"
                },
                {
                    "name": "gamestate",
                    "description": "- the gamestate in which this event is taking place",
                    "type": "GameState"
                }
            ],
            "class": "Event"
        },
        {
            "file": "Engine\\event.js",
            "line": 282,
            "description": "Decreases the named card's named attribute by the given value",
            "itemtype": "method",
            "name": "Event.Modify.Card.decreaseAttributeBy",
            "params": [
                {
                    "name": "cardID",
                    "description": "- the name of the card whose attribute value is being changed",
                    "type": "Int"
                },
                {
                    "name": "attributeName",
                    "description": "- the name of the attribute to be changed",
                    "type": "String"
                },
                {
                    "name": "value",
                    "description": "- the value by which to decrease the attribute",
                    "type": "Number"
                },
                {
                    "name": "gamestate",
                    "description": "- the gamestate in which this event is taking place",
                    "type": "GameState"
                }
            ],
            "class": "Event"
        },
        {
            "file": "Engine\\event.js",
            "line": 335,
            "description": "Sets the named player's named attribute by the given value",
            "itemtype": "method",
            "name": "Event.Modify.Card.setAttribute",
            "params": [
                {
                    "name": "playerName",
                    "description": "- the name of the player whose attribute value is being changed",
                    "type": "String"
                },
                {
                    "name": "attributeName",
                    "description": "- the name of the attribute to be changed",
                    "type": "String"
                },
                {
                    "name": "newValue",
                    "description": "- the new value being given to the object's attribute",
                    "type": "Object"
                },
                {
                    "name": "gamestate",
                    "description": "- the gamestate in which this event is taking place",
                    "type": "GameState"
                }
            ],
            "class": "Event"
        },
        {
            "file": "Engine\\event.js",
            "line": 348,
            "description": "Increases the named player's named attribute by the given value",
            "itemtype": "method",
            "name": "Event.Modify.Player.increaseAttributeBy",
            "params": [
                {
                    "name": "playerName",
                    "description": "- the name of the player whose attribute value is being changed",
                    "type": "String"
                },
                {
                    "name": "attributeName",
                    "description": "- the name of the attribute to be changed",
                    "type": "String"
                },
                {
                    "name": "value",
                    "description": "- the value by which to increase the attribute",
                    "type": "Number"
                },
                {
                    "name": "gamestate",
                    "description": "- the gamestate in which this event is taking place",
                    "type": "GameState"
                }
            ],
            "class": "Event"
        },
        {
            "file": "Engine\\event.js",
            "line": 360,
            "description": "Decreases the named player's named attribute by the given value",
            "itemtype": "method",
            "name": "Event.Modify.Player.decreaseAttributeBy",
            "params": [
                {
                    "name": "playerName",
                    "description": "- the name of the player whose attribute value is being changed",
                    "type": "String"
                },
                {
                    "name": "attributeName",
                    "description": "- the name of the attribute to be changed",
                    "type": "String"
                },
                {
                    "name": "value",
                    "description": "- the value by which to decrease the attribute",
                    "type": "Number"
                },
                {
                    "name": "gamestate",
                    "description": "- the gamestate in which this event is taking place",
                    "type": "GameState"
                }
            ],
            "class": "Event"
        },
        {
            "file": "Engine\\event.js",
            "line": 374,
            "description": "Sets the named zone's named attribute by the given value",
            "itemtype": "method",
            "name": "Event.Modify.Zone.setAttribute",
            "params": [
                {
                    "name": "zoneName",
                    "description": "- the name of the zone whose attribute value is being changed",
                    "type": "String"
                },
                {
                    "name": "attributeName",
                    "description": "- the name of the attribute to be changed",
                    "type": "String"
                },
                {
                    "name": "newValue",
                    "description": "- the new value being given to the object's attribute",
                    "type": "Object"
                },
                {
                    "name": "gamestate",
                    "description": "- the gamestate in which this event is taking place",
                    "type": "GameState"
                }
            ],
            "class": "Event"
        },
        {
            "file": "Engine\\event.js",
            "line": 387,
            "description": "Increases the named zone's named attribute by the given value",
            "itemtype": "method",
            "name": "Event.Modify.Zone.increaseAttributeBy",
            "params": [
                {
                    "name": "zoneName",
                    "description": "- the name of the zone whose attribute value is being changed",
                    "type": "String"
                },
                {
                    "name": "attributeName",
                    "description": "- the name of the attribute to be changed",
                    "type": "String"
                },
                {
                    "name": "value",
                    "description": "- the value by which to increase the attribute",
                    "type": "Number"
                },
                {
                    "name": "gamestate",
                    "description": "- the gamestate in which this event is taking place",
                    "type": "GameState"
                }
            ],
            "class": "Event"
        },
        {
            "file": "Engine\\event.js",
            "line": 399,
            "description": "Decreases the named zone's named attribute by the given value",
            "itemtype": "method",
            "name": "Event.Modify.Zone.decreaseAttributeBy",
            "params": [
                {
                    "name": "zoneName",
                    "description": "- the name of the zone whose attribute value is being changed",
                    "type": "String"
                },
                {
                    "name": "attributeName",
                    "description": "- the name of the attribute to be changed",
                    "type": "String"
                },
                {
                    "name": "value",
                    "description": "- the value by which to decrease the attribute",
                    "type": "Number"
                },
                {
                    "name": "gamestate",
                    "description": "- the gamestate in which this event is taking place",
                    "type": "GameState"
                }
            ],
            "class": "Event"
        },
        {
            "file": "Engine\\event.js",
            "line": 412,
            "description": "Ends the current phase continues to the next one, if the current phase is the final phase in the game's turn structure, the end turn event is called",
            "itemtype": "method",
            "name": "Event.Modify.endPhase",
            "params": [
                {
                    "name": "gamestate",
                    "description": "- the gamestate in which this event is taking place",
                    "type": "GameState"
                }
            ],
            "class": "Event"
        },
        {
            "file": "Engine\\event.js",
            "line": 437,
            "description": "Ends the current turn and allows the next player in the turn structure to begin their turn.",
            "itemtype": "method",
            "name": "Event.Modify.endTurn",
            "params": [
                {
                    "name": "gamestate",
                    "description": "- the gamestate in which this event is taking place",
                    "type": "GameState"
                }
            ],
            "class": "Event"
        },
        {
            "file": "Engine\\gameDescription.js",
            "line": 57,
            "description": "Creates a clean game state",
            "itemtype": "method",
            "name": "GameDescription.prototype.initializeGameState",
            "return": {
                "description": "Returns the starting game state based on this game structure",
                "type": "GameState"
            },
            "class": "GameDescription"
        },
        {
            "file": "Engine\\gameDescription.js",
            "line": 83,
            "description": "Creates and places the cards into the zones",
            "itemtype": "method",
            "name": "GameDescription.prototype.initializeCards",
            "class": "GameDescription"
        },
        {
            "file": "Engine\\gameDescription.js",
            "line": 114,
            "description": "Creates a new card of the given card type and places it in the given zone",
            "itemtype": "method",
            "name": "initCard",
            "params": [
                {
                    "name": "cardType",
                    "description": "- he name of the card type to create a new card based on",
                    "type": "String"
                },
                {
                    "name": "zone",
                    "description": "- the zone into which the new car should be placed in",
                    "type": "Zone"
                }
            ],
            "return": {
                "description": "Returns the newly created card",
                "type": "Card"
            },
            "class": "GameDescription"
        },
        {
            "file": "Engine\\gamestate.js",
            "line": 19,
            "description": "Creates a new gamestate that is a copy of this gamestate",
            "itemtype": "method",
            "name": "GameState.prototype.clone",
            "return": {
                "description": "Returns the newly created gamestate",
                "type": "GameState"
            },
            "class": "Gamestate"
        },
        {
            "file": "Engine\\gamestate.js",
            "line": 47,
            "description": "Creates a new gamestate that is a copy of this gamestate, with randomly determinized hidden information from a given observer's point of view",
            "itemtype": "method",
            "name": "GameState.prototype.cloneAndRandomize",
            "params": [
                {
                    "name": "observer",
                    "description": "- The name of the player to use as the observer (Randomize based on what information is hidden from observer)",
                    "type": "String"
                }
            ],
            "return": {
                "description": "Returns the newly created randomized gamestate",
                "type": "GameState"
            },
            "class": "Gamestate"
        },
        {
            "file": "Engine\\helpers.js",
            "line": 7,
            "description": "Creates a new unique id for cards",
            "itemtype": "method",
            "name": "getNewCardID",
            "return": {
                "description": "Returns the newly created id",
                "type": "Int"
            },
            "class": "Helpers"
        },
        {
            "file": "Engine\\helpers.js",
            "line": 15,
            "description": "Determines the next ID number for players",
            "itemtype": "method",
            "name": "getNewPlayerID",
            "return": {
                "description": "Returns the newly created id",
                "type": "Int"
            },
            "class": "Helpers"
        },
        {
            "file": "Engine\\helpers.js",
            "line": 24,
            "description": "Search for a specific by given search parameters",
            "itemtype": "method",
            "name": "getNewPlayerID",
            "params": [
                {
                    "name": "parameterArray",
                    "description": "-",
                    "type": "Array"
                },
                {
                    "name": "valueArray",
                    "description": "-",
                    "type": "Array"
                },
                {
                    "name": "gs",
                    "description": "- the gamestate which is being searched",
                    "type": "Gamestate"
                }
            ],
            "return": {
                "description": "Returns the zone if found",
                "type": "Zone"
            },
            "class": "Helpers"
        },
        {
            "file": "Engine\\helpers.js",
            "line": 49,
            "description": "Search for a specific zone by name",
            "itemtype": "method",
            "name": "lookupZone",
            "params": [
                {
                    "name": "name",
                    "description": "- the name of the zone being searched for",
                    "type": "String"
                },
                {
                    "name": "gs",
                    "description": "- the gamestate which is being searched",
                    "type": "Gamestate"
                }
            ],
            "return": {
                "description": "Returns the zone if found",
                "type": "Zone"
            },
            "class": "Helpers"
        },
        {
            "file": "Engine\\helpers.js",
            "line": 67,
            "description": "Search for a specific card type by name",
            "itemtype": "method",
            "name": "lookupCardType",
            "params": [
                {
                    "name": "name",
                    "description": "- the name of the card type being searched for",
                    "type": "String"
                },
                {
                    "name": "gs",
                    "description": "- the gamestate which is being searched",
                    "type": "Gamestate"
                }
            ],
            "return": {
                "description": "Returns the card type if found",
                "type": "CardType"
            },
            "class": "Helpers"
        },
        {
            "file": "Engine\\helpers.js",
            "line": 86,
            "description": "Search for a specific action template type by name",
            "itemtype": "method",
            "name": "lookupActionTemplate",
            "params": [
                {
                    "name": "name",
                    "description": "- the name of the action template being searched for",
                    "type": "String"
                },
                {
                    "name": "gs",
                    "description": "- the gamestate which is being searched",
                    "type": "Gamestate"
                }
            ],
            "return": {
                "description": "Returns the action template type if found",
                "type": "ActionTemplate"
            },
            "class": "Helpers"
        },
        {
            "file": "Engine\\helpers.js",
            "line": 106,
            "description": "Search for a specific phase type by name",
            "itemtype": "method",
            "name": "lookupActionTemplate",
            "params": [
                {
                    "name": "name",
                    "description": "- the name of the phase being searched for",
                    "type": "String"
                },
                {
                    "name": "gs",
                    "description": "- the gamestate which is being searched",
                    "type": "Gamestate"
                }
            ],
            "return": {
                "description": "Returns the phase type if found",
                "type": "Phase"
            },
            "class": "Helpers"
        },
        {
            "file": "Engine\\helpers.js",
            "line": 126,
            "description": "Get the array of all zone names",
            "itemtype": "method",
            "name": "getZoneNameArray",
            "params": [
                {
                    "name": "gs",
                    "description": "- the gamestate which is being searched",
                    "type": "Gamestate"
                }
            ],
            "return": {
                "description": "Returns a list of all zone names",
                "type": "Array"
            },
            "class": "Helpers"
        },
        {
            "file": "Engine\\helpers.js",
            "line": 141,
            "description": "Get the array of all player names",
            "itemtype": "method",
            "name": "getPlayerNameArray",
            "params": [
                {
                    "name": "gs",
                    "description": "- the gamestate which is being searched",
                    "type": "Gamestate"
                }
            ],
            "return": {
                "description": "Returns a list of all player names",
                "type": "Array"
            },
            "class": "Helpers"
        },
        {
            "file": "Engine\\helpers.js",
            "line": 156,
            "description": "Get the array of all card id's",
            "itemtype": "method",
            "name": "getCardIDArray",
            "params": [
                {
                    "name": "gs",
                    "description": "- the gamestate which is being searched",
                    "type": "Gamestate"
                }
            ],
            "return": {
                "description": "Returns a list of all card id's",
                "type": "Array"
            },
            "class": "Helpers"
        },
        {
            "file": "Engine\\helpers.js",
            "line": 171,
            "description": "Get the card with the given id",
            "itemtype": "method",
            "name": "getCardIDArray",
            "params": [
                {
                    "name": "id",
                    "description": "- the id of the card being searched for",
                    "type": "Int"
                },
                {
                    "name": "gs",
                    "description": "- the gamestate which is being searched",
                    "type": "Gamestate"
                }
            ],
            "return": {
                "description": "Returns the card with the given id",
                "type": "Array"
            },
            "class": "Helpers"
        },
        {
            "file": "Engine\\helpers.js",
            "line": 194,
            "description": "Search for a player by name",
            "itemtype": "method",
            "name": "lookupPlayer",
            "params": [
                {
                    "name": "name",
                    "description": "- the name of the player being searched for",
                    "type": "String"
                },
                {
                    "name": "gs",
                    "description": "- the gamestate which is being searched",
                    "type": "Gamestate"
                }
            ],
            "return": {
                "description": "Returns the player if found",
                "type": "Player"
            },
            "class": "Helpers"
        },
        {
            "file": "Engine\\helpers.js",
            "line": 212,
            "description": "A Cartesian Product function that acts on all given arrays.\nFound here: http://stackoverflow.com/questions/12303989/cartesian-product-of-multiple-arrays-in-javascript",
            "itemtype": "method",
            "name": "cartProd",
            "params": [
                {
                    "name": "input",
                    "description": "- any number of arrays to use as input. Separate by commas.",
                    "type": "Arrays"
                }
            ],
            "return": {
                "description": "Returns all possible combinations of elements taking a single element from each array",
                "type": "Array"
            },
            "class": "Helpers"
        },
        {
            "file": "Engine\\helpers.js",
            "line": 250,
            "description": "Create a clone of a given Javascript object",
            "itemtype": "method",
            "name": "lookupPlayer",
            "params": [
                {
                    "name": "oldObject",
                    "description": "- the object to be cloned",
                    "type": "Object"
                }
            ],
            "return": {
                "description": "Returns the cloned object",
                "type": "Object"
            },
            "class": "Helpers"
        },
        {
            "file": "Engine\\helpers.js",
            "line": 260,
            "description": "Gets the first player with a name other than the given name",
            "itemtype": "method",
            "name": "getAltPlayer",
            "params": [
                {
                    "name": "playerName",
                    "description": "- the name of the player not being searched for",
                    "type": "String"
                },
                {
                    "name": "gs",
                    "description": "- the gamestate which is being searched",
                    "type": "Gamestate"
                }
            ],
            "return": {
                "description": "Returns the first player with a name not equal to the given one",
                "type": "Object"
            },
            "class": "Helpers"
        },
        {
            "file": "Engine\\player.js",
            "line": 25,
            "description": "Determines whether the player controls the given zone",
            "itemtype": "method",
            "name": "Player.prototype.controlsZone",
            "params": [
                {
                    "name": "zoneName",
                    "description": "- the name of the zone being checked",
                    "type": "String"
                }
            ],
            "return": {
                "description": "Returns whether or not the given zone can be acted upon by the player",
                "type": "Boolean"
            },
            "class": "Player"
        },
        {
            "file": "Engine\\player.js",
            "line": 42,
            "description": "Creates a clone of the player",
            "itemtype": "method",
            "name": "Player.prototype.clone",
            "return": {
                "description": "Returns a copy of the player",
                "type": "Player"
            },
            "class": "Player"
        },
        {
            "file": "Engine\\zone.js",
            "line": 19,
            "description": "Determines whether the given player can view the zone",
            "itemtype": "method",
            "name": "Zone.prototype.isVisibleTo",
            "params": [
                {
                    "name": "playerName",
                    "description": "- the name of the player being checked",
                    "type": "String"
                }
            ],
            "return": {
                "description": "Returns whether or not the cards in the zone are visible to the given player",
                "type": "Boolean"
            },
            "class": "Zone"
        },
        {
            "file": "Engine\\zone.js",
            "line": 35,
            "description": "Creates a clone of the zone",
            "itemtype": "method",
            "name": "Zone.prototype.clone",
            "return": {
                "description": "Returns a copy of the zone",
                "type": "Zone"
            },
            "class": "Zone"
        },
        {
            "file": "lib\\jquery.js",
            "line": 1292,
            "description": "Create key-value caches of limited size",
            "return": {
                "description": "Returns the Object data after storing it on itself with\n\tproperty name the (space-suffixed) string and (if the cache is larger than Expr.cacheLength)\n\tdeleting the oldest entry",
                "type": "Function(string, Object)"
            },
            "class": ""
        },
        {
            "file": "lib\\jquery.js",
            "line": 1312,
            "description": "Mark a function for special use by Sizzle",
            "params": [
                {
                    "name": "fn",
                    "description": "The function to mark",
                    "type": "Function"
                }
            ],
            "class": ""
        },
        {
            "file": "lib\\jquery.js",
            "line": 1321,
            "description": "Support testing using an element",
            "params": [
                {
                    "name": "fn",
                    "description": "Passed the created div and expects a boolean result",
                    "type": "Function"
                }
            ],
            "class": ""
        },
        {
            "file": "lib\\jquery.js",
            "line": 1342,
            "description": "Adds the same handler for all of the specified attrs",
            "params": [
                {
                    "name": "attrs",
                    "description": "Pipe-separated list of attributes",
                    "type": "String"
                },
                {
                    "name": "handler",
                    "description": "The method that will be applied",
                    "type": "Function"
                }
            ],
            "class": ""
        },
        {
            "file": "lib\\jquery.js",
            "line": 1356,
            "description": "Checks document order of two siblings",
            "params": [
                {
                    "name": "a",
                    "description": "",
                    "type": "Element"
                },
                {
                    "name": "b",
                    "description": "",
                    "type": "Element"
                }
            ],
            "return": {
                "description": "Returns less than 0 if a precedes b, greater than 0 if a follows b",
                "type": "Number"
            },
            "class": ""
        },
        {
            "file": "lib\\jquery.js",
            "line": 1385,
            "description": "Returns a function to use in pseudos for input types",
            "params": [
                {
                    "name": "type",
                    "description": "",
                    "type": "String"
                }
            ],
            "class": ""
        },
        {
            "file": "lib\\jquery.js",
            "line": 1396,
            "description": "Returns a function to use in pseudos for buttons",
            "params": [
                {
                    "name": "type",
                    "description": "",
                    "type": "String"
                }
            ],
            "class": ""
        },
        {
            "file": "lib\\jquery.js",
            "line": 1407,
            "description": "Returns a function to use in pseudos for positionals",
            "params": [
                {
                    "name": "fn",
                    "description": "",
                    "type": "Function"
                }
            ],
            "class": ""
        },
        {
            "file": "lib\\jquery.js",
            "line": 1429,
            "description": "Detect xml",
            "params": [
                {
                    "name": "elem",
                    "description": "An element or a document",
                    "type": "Element|Object"
                }
            ],
            "class": ""
        },
        {
            "file": "lib\\jquery.js",
            "line": 1443,
            "description": "Sets document-related variables once based on the current document",
            "params": [
                {
                    "name": "doc",
                    "description": "An element or document object to use to set the document",
                    "type": "Element|Object",
                    "optional": true
                }
            ],
            "return": {
                "description": "Returns the current document",
                "type": "Object"
            },
            "class": ""
        },
        {
            "file": "lib\\jquery.js",
            "line": 1853,
            "description": "Document sorting and removing duplicates",
            "params": [
                {
                    "name": "results",
                    "description": "",
                    "type": "ArrayLike"
                }
            ],
            "class": ""
        },
        {
            "file": "lib\\jquery.js",
            "line": 1882,
            "description": "Utility function for retrieving the text value of an array of DOM nodes",
            "params": [
                {
                    "name": "elem",
                    "description": "",
                    "type": "Array|Element"
                }
            ],
            "class": ""
        }
    ],
    "warnings": [
        {
            "message": "replacing incorrect tag: returns with return",
            "line": " lib\\jquery.js:1292"
        },
        {
            "message": "replacing incorrect tag: returns with return",
            "line": " lib\\jquery.js:1356"
        },
        {
            "message": "replacing incorrect tag: returns with return",
            "line": " lib\\jquery.js:1443"
        },
        {
            "message": "Missing item type\nCreate key-value caches of limited size",
            "line": " lib\\jquery.js:1292"
        },
        {
            "message": "Missing item type\nMark a function for special use by Sizzle",
            "line": " lib\\jquery.js:1312"
        },
        {
            "message": "Missing item type\nSupport testing using an element",
            "line": " lib\\jquery.js:1321"
        },
        {
            "message": "Missing item type\nAdds the same handler for all of the specified attrs",
            "line": " lib\\jquery.js:1342"
        },
        {
            "message": "Missing item type\nChecks document order of two siblings",
            "line": " lib\\jquery.js:1356"
        },
        {
            "message": "Missing item type\nReturns a function to use in pseudos for input types",
            "line": " lib\\jquery.js:1385"
        },
        {
            "message": "Missing item type\nReturns a function to use in pseudos for buttons",
            "line": " lib\\jquery.js:1396"
        },
        {
            "message": "Missing item type\nReturns a function to use in pseudos for positionals",
            "line": " lib\\jquery.js:1407"
        },
        {
            "message": "Missing item type\nDetect xml",
            "line": " lib\\jquery.js:1429"
        },
        {
            "message": "Missing item type\nSets document-related variables once based on the current document",
            "line": " lib\\jquery.js:1443"
        },
        {
            "message": "Missing item type\nDocument sorting and removing duplicates",
            "line": " lib\\jquery.js:1853"
        },
        {
            "message": "Missing item type\nUtility function for retrieving the text value of an array of DOM nodes",
            "line": " lib\\jquery.js:1882"
        }
    ]
}